{"_default": {"1": {"uuid": "88970f81-0a79-46ef-ac70-c339dd7d01b3", "user_id": 1, "timestamp": 1706599733.257456}, "2": {"uuid": "f0d7b9b8-34fe-4d39-9fa5-30501208ff97", "user_id": 10, "timestamp": 1706668802.639039}, "3": {"uuid": "4aefe1b3-5ac5-407e-aae4-3c3128bd60aa", "user_id": 11, "timestamp": 1706668825.658189}, "5": {"uuid": "ba30a3be-cfbc-4b01-8205-f148a75cc646", "user_id": 13, "timestamp": 1706860736.672127}, "6": {"uuid": "61d856a8-1f67-4be8-bbe3-061352051b97", "user_id": 12, "timestamp": 1707028199.196315}}}