{"_default": {"1": {"uuid": "88970f81-0a79-46ef-ac70-c339dd7d01b3", "user_id": 1, "timestamp": 1706599733.257456}, "2": {"uuid": "f0d7b9b8-34fe-4d39-9fa5-30501208ff97", "user_id": 10, "timestamp": 1706668802.639039}, "3": {"uuid": "4aefe1b3-5ac5-407e-aae4-3c3128bd60aa", "user_id": 11, "timestamp": 1706668825.658189}, "4": {"uuid": "2960477c-8b28-4497-a308-8c8872a71af6", "user_id": 12, "timestamp": 1706840355.034514}}}